generation,currentPopulationBestCost,currentPopulationBestVehicleCount,currentPopulationAverageCost,BSFcost,BSFvehicleCount
0,4317.0,5,4795.5,4317.0,5
1,3997.0,5,4428.75,3997.0,5
2,3978.0,5,4322.2,3978.0,5
3,3951.0,5,4271.7,3951.0,5
4,3893.0,5,4257.99,3893.0,5
5,3890.0,5,4155.66,3890.0,5
6,3890.0,5,4107.38,3890.0,5
7,3890.0,5,4080.1,3890.0,5
8,3890.0,5,4063.4,3890.0,5
9,3879.0,5,4043.65,3879.0,5
10,3879.0,5,4029.75,3879.0,5
11,3879.0,5,4021.18,3879.0,5
12,3879.0,5,4008.11,3879.0,5
13,3879.0,5,4002.78,3879.0,5
14,3879.0,5,3998.39,3879.0,5
15,3879.0,5,3995.88,3879.0,5
16,3869.0,5,3989.5,3869.0,5
17,3869.0,5,3987.28,3869.0,5
18,3869.0,5,3981.49,3869.0,5
19,3869.0,5,3978.39,3869.0,5
20,3869.0,5,3974.92,3869.0,5
21,3869.0,5,3970.37,3869.0,5
22,3869.0,5,3965.94,3869.0,5
23,3839.0,5,3959.15,3839.0,5
24,3839.0,5,3951.36,3839.0,5
25,3765.0,5,3944.75,3765.0,5
26,3765.0,5,3937.1,3765.0,5
27,3765.0,5,3924.0,3765.0,5
28,3731.0,5,3910.7,3731.0,5
29,3727.0,5,3889.77,3727.0,5
30,3727.0,5,3883.4,3727.0,5
31,3727.0,5,3873.5,3727.0,5
32,3727.0,5,3867.29,3727.0,5
33,3719.0,5,3863.24,3719.0,5
34,3699.0,5,3852.42,3699.0,5
35,3699.0,5,3846.31,3699.0,5
36,3699.0,5,3841.12,3699.0,5
37,3699.0,5,3838.27,3699.0,5
38,3699.0,5,3834.76,3699.0,5
39,3699.0,5,3830.45,3699.0,5
40,3699.0,5,3827.19,3699.0,5
41,3699.0,5,3825.76,3699.0,5
42,3686.0,5,3819.41,3686.0,5
43,3686.0,5,3816.97,3686.0,5
44,3686.0,5,3812.87,3686.0,5
45,3686.0,5,3809.92,3686.0,5
46,3686.0,5,3809.46,3686.0,5
47,3686.0,5,3806.2,3686.0,5
48,3686.0,5,3803.37,3686.0,5
49,3686.0,5,3799.2,3686.0,5
50,3686.0,5,3798.22,3686.0,5
51,3686.0,5,3795.08,3686.0,5
52,3686.0,5,3794.85,3686.0,5
53,3686.0,5,3793.73,3686.0,5
54,3686.0,5,3789.46,3686.0,5
55,3686.0,5,3787.21,3686.0,5
56,3686.0,5,3787.09,3686.0,5
57,3686.0,5,3784.71,3686.0,5
58,3686.0,5,3784.38,3686.0,5
59,3686.0,5,3780.58,3686.0,5
60,3686.0,5,3777.87,3686.0,5
61,3686.0,5,3775.21,3686.0,5
62,3686.0,5,3770.09,3686.0,5
63,3686.0,5,3767.22,3686.0,5
64,3686.0,5,3764.73,3686.0,5
65,3686.0,5,3762.85,3686.0,5
66,3686.0,5,3761.02,3686.0,5
67,3686.0,5,3760.55,3686.0,5
68,3686.0,5,3760.46,3686.0,5
69,3686.0,5,3759.21,3686.0,5
70,3686.0,5,3757.8,3686.0,5
71,3686.0,5,3756.94,3686.0,5
72,3686.0,5,3756.16,3686.0,5
73,3686.0,5,3754.62,3686.0,5
74,3686.0,5,3753.21,3686.0,5
75,3686.0,5,3751.96,3686.0,5
76,3686.0,5,3751.37,3686.0,5
77,3686.0,5,3750.27,3686.0,5
78,3686.0,5,3749.13,3686.0,5
79,3686.0,5,3748.12,3686.0,5
80,3686.0,5,3748.12,3686.0,5
81,3686.0,5,3746.96,3686.0,5
82,3686.0,5,3746.12,3686.0,5
83,3686.0,5,3746.12,3686.0,5
84,3686.0,5,3746.12,3686.0,5
85,3686.0,5,3746.04,3686.0,5
86,3686.0,5,3745.08,3686.0,5
87,3686.0,5,3744.87,3686.0,5
88,3686.0,5,3744.87,3686.0,5
89,3686.0,5,3743.2,3686.0,5
90,3686.0,5,3740.24,3686.0,5
91,3686.0,5,3739.62,3686.0,5
92,3686.0,5,3739.62,3686.0,5
93,3686.0,5,3738.53,3686.0,5
94,3686.0,5,3738.52,3686.0,5
95,3686.0,5,3737.82,3686.0,5
96,3686.0,5,3736.66,3686.0,5
97,3686.0,5,3736.66,3686.0,5
98,3686.0,5,3735.66,3686.0,5
99,3686.0,5,3734.88,3686.0,5
100,3686.0,5,3734.88,3686.0,5
101,3954.0,5,4454.86,3686.0,5
102,3892.0,5,4278.33,3686.0,5
103,3708.0,5,4199.01,3686.0,5
104,3708.0,5,4158.84,3686.0,5
105,3686.0,5,4155.96,3686.0,5
106,3686.0,5,4071.58,3686.0,5
107,3686.0,5,3964.91,3686.0,5
108,3686.0,5,3914.19,3686.0,5
109,3686.0,5,3894.07,3686.0,5
110,3686.0,5,3867.66,3686.0,5
111,3632.0,5,3851.39,3632.0,5
112,3632.0,5,3834.45,3632.0,5
113,3632.0,5,3815.09,3632.0,5
114,3632.0,5,3793.6,3632.0,5
115,3632.0,5,3779.52,3632.0,5
116,3632.0,5,3771.44,3632.0,5
117,3632.0,5,3760.24,3632.0,5
118,3632.0,5,3753.5,3632.0,5
119,3632.0,5,3747.38,3632.0,5
120,3632.0,5,3743.57,3632.0,5
121,3632.0,5,3736.82,3632.0,5
122,3632.0,5,3730.04,3632.0,5
123,3632.0,5,3724.53,3632.0,5
124,3632.0,5,3721.33,3632.0,5
125,3632.0,5,3718.61,3632.0,5
126,3632.0,5,3716.8,3632.0,5
127,3632.0,5,3716.74,3632.0,5
128,3632.0,5,3715.13,3632.0,5
129,3632.0,5,3714.14,3632.0,5
130,3632.0,5,3713.27,3632.0,5
131,3628.0,5,3711.23,3628.0,5
132,3628.0,5,3709.95,3628.0,5
133,3628.0,5,3708.68,3628.0,5
134,3628.0,5,3708.6,3628.0,5
135,3628.0,5,3707.94,3628.0,5
136,3628.0,5,3707.36,3628.0,5
137,3628.0,5,3706.41,3628.0,5
138,3628.0,5,3705.37,3628.0,5
139,3628.0,5,3705.07,3628.0,5
140,3628.0,5,3703.99,3628.0,5
141,3628.0,5,3702.6,3628.0,5
142,3628.0,5,3701.09,3628.0,5
143,3628.0,5,3700.62,3628.0,5
144,3628.0,5,3699.56,3628.0,5
145,3628.0,5,3698.66,3628.0,5
146,3628.0,5,3698.31,3628.0,5
147,3628.0,5,3698.17,3628.0,5
148,3628.0,5,3697.67,3628.0,5
149,3628.0,5,3697.3,3628.0,5
150,3628.0,5,3696.94,3628.0,5
151,3628.0,5,3696.64,3628.0,5
152,3628.0,5,3695.98,3628.0,5
153,3628.0,5,3695.98,3628.0,5
154,3628.0,5,3694.36,3628.0,5
155,3628.0,5,3693.94,3628.0,5
156,3628.0,5,3692.74,3628.0,5
157,3628.0,5,3692.33,3628.0,5
158,3628.0,5,3692.33,3628.0,5
159,3628.0,5,3691.41,3628.0,5
160,3628.0,5,3691.41,3628.0,5
161,3628.0,5,3691.25,3628.0,5
162,3628.0,5,3689.47,3628.0,5
163,3604.0,5,3687.52,3604.0,5
164,3604.0,5,3687.18,3604.0,5
165,3604.0,5,3686.03,3604.0,5
166,3604.0,5,3686.03,3604.0,5
167,3604.0,5,3685.11,3604.0,5
168,3602.0,5,3684.05,3602.0,5
169,3602.0,5,3683.61,3602.0,5
170,3602.0,5,3683.39,3602.0,5
171,3602.0,5,3682.81,3602.0,5
172,3586.0,5,3680.47,3586.0,5
173,3586.0,5,3680.09,3586.0,5
174,3586.0,5,3679.96,3586.0,5
175,3586.0,5,3679.91,3586.0,5
176,3586.0,5,3679.91,3586.0,5
177,3586.0,5,3678.64,3586.0,5
178,3586.0,5,3678.0,3586.0,5
179,3586.0,5,3677.92,3586.0,5
180,3586.0,5,3677.84,3586.0,5
181,3586.0,5,3677.71,3586.0,5
182,3586.0,5,3677.71,3586.0,5
183,3586.0,5,3677.39,3586.0,5
184,3586.0,5,3677.33,3586.0,5
185,3586.0,5,3677.25,3586.0,5
186,3586.0,5,3677.17,3586.0,5
187,3586.0,5,3677.17,3586.0,5
188,3586.0,5,3676.49,3586.0,5
189,3586.0,5,3676.47,3586.0,5
190,3586.0,5,3676.39,3586.0,5
191,3586.0,5,3675.91,3586.0,5
192,3586.0,5,3675.91,3586.0,5
193,3586.0,5,3675.83,3586.0,5
194,3586.0,5,3674.85,3586.0,5
195,3586.0,5,3674.13,3586.0,5
196,3586.0,5,3673.77,3586.0,5
197,3586.0,5,3673.77,3586.0,5
198,3586.0,5,3673.61,3586.0,5
199,3586.0,5,3673.21,3586.0,5
200,3586.0,5,3673.21,3586.0,5
201,3907.0,5,4559.02,3586.0,5
202,3907.0,5,4445.21,3586.0,5
203,3907.0,5,4427.58,3586.0,5
204,3907.0,5,4400.42,3586.0,5
205,3907.0,5,4235.28,3586.0,5
206,3889.0,5,4169.6,3586.0,5
207,3880.0,5,4137.76,3586.0,5
208,3880.0,5,4117.0,3586.0,5
209,3880.0,5,4088.95,3586.0,5
210,3880.0,5,4052.92,3586.0,5
211,3855.0,5,4033.76,3586.0,5
212,3855.0,5,4014.94,3586.0,5
213,3855.0,5,4004.63,3586.0,5
214,3855.0,5,3985.02,3586.0,5
215,3755.0,5,3970.57,3586.0,5
216,3755.0,5,3961.64,3586.0,5
217,3755.0,5,3944.24,3586.0,5
218,3755.0,5,3929.11,3586.0,5
219,3755.0,5,3916.79,3586.0,5
220,3755.0,5,3907.47,3586.0,5
221,3737.0,5,3895.42,3586.0,5
222,3737.0,5,3889.28,3586.0,5
223,3737.0,5,3885.8,3586.0,5
224,3737.0,5,3881.57,3586.0,5
225,3737.0,5,3879.35,3586.0,5
226,3737.0,5,3876.53,3586.0,5
227,3737.0,5,3875.24,3586.0,5
228,3737.0,5,3869.77,3586.0,5
229,3725.0,5,3864.33,3586.0,5
230,3725.0,5,3862.09,3586.0,5
231,3725.0,5,3861.3,3586.0,5
232,3725.0,5,3859.94,3586.0,5
233,3725.0,5,3858.06,3586.0,5
234,3725.0,5,3856.75,3586.0,5
235,3725.0,5,3853.99,3586.0,5
236,3725.0,5,3852.14,3586.0,5
237,3725.0,5,3851.17,3586.0,5
238,3725.0,5,3849.57,3586.0,5
239,3725.0,5,3848.43,3586.0,5
240,3725.0,5,3848.43,3586.0,5
241,3725.0,5,3847.44,3586.0,5
242,3725.0,5,3846.86,3586.0,5
243,3725.0,5,3845.8,3586.0,5
244,3725.0,5,3844.45,3586.0,5
245,3719.0,5,3840.87,3586.0,5
246,3719.0,5,3838.74,3586.0,5
247,3719.0,5,3838.09,3586.0,5
248,3665.0,5,3831.59,3586.0,5
249,3665.0,5,3830.23,3586.0,5
250,3665.0,5,3828.61,3586.0,5
251,3665.0,5,3828.31,3586.0,5
252,3665.0,5,3826.83,3586.0,5
253,3665.0,5,3826.47,3586.0,5
254,3665.0,5,3824.04,3586.0,5
255,3665.0,5,3822.22,3586.0,5
256,3665.0,5,3821.39,3586.0,5
257,3665.0,5,3821.13,3586.0,5
258,3665.0,5,3819.57,3586.0,5
259,3665.0,5,3818.43,3586.0,5
260,3665.0,5,3814.07,3586.0,5
261,3665.0,5,3810.06,3586.0,5
262,3665.0,5,3808.24,3586.0,5
263,3665.0,5,3806.62,3586.0,5
264,3665.0,5,3805.55,3586.0,5
265,3665.0,5,3803.44,3586.0,5
266,3665.0,5,3801.97,3586.0,5
267,3665.0,5,3799.94,3586.0,5
268,3665.0,5,3798.65,3586.0,5
269,3665.0,5,3797.77,3586.0,5
270,3665.0,5,3796.62,3586.0,5
271,3665.0,5,3793.79,3586.0,5
272,3665.0,5,3793.47,3586.0,5
273,3665.0,5,3793.47,3586.0,5
274,3665.0,5,3793.36,3586.0,5
275,3665.0,5,3792.25,3586.0,5
276,3665.0,5,3792.08,3586.0,5
277,3665.0,5,3791.36,3586.0,5
278,3665.0,5,3790.52,3586.0,5
279,3665.0,5,3788.6,3586.0,5
280,3665.0,5,3787.09,3586.0,5
281,3665.0,5,3787.09,3586.0,5
282,3665.0,5,3785.61,3586.0,5
283,3665.0,5,3783.69,3586.0,5
284,3665.0,5,3781.96,3586.0,5
285,3665.0,5,3781.95,3586.0,5
286,3665.0,5,3781.9,3586.0,5
287,3665.0,5,3780.48,3586.0,5
288,3665.0,5,3780.48,3586.0,5
289,3665.0,5,3778.89,3586.0,5
290,3665.0,5,3778.35,3586.0,5
291,3665.0,5,3778.12,3586.0,5
292,3665.0,5,3778.12,3586.0,5
293,3665.0,5,3777.88,3586.0,5
294,3665.0,5,3776.09,3586.0,5
295,3665.0,5,3774.27,3586.0,5
296,3665.0,5,3773.67,3586.0,5
297,3665.0,5,3772.69,3586.0,5
298,3665.0,5,3772.69,3586.0,5
299,3665.0,5,3772.32,3586.0,5
300,3665.0,5,3771.46,3586.0,5
301,4066.0,5,4461.27,3586.0,5
302,3903.0,5,4337.84,3586.0,5
303,3903.0,5,4296.55,3586.0,5
304,3903.0,5,4266.83,3586.0,5
305,3903.0,5,4328.0,3586.0,5
306,3661.0,5,4384.51,3586.0,5
307,3661.0,5,4234.87,3586.0,5
308,3661.0,5,4168.84,3586.0,5
309,3661.0,5,4128.8,3586.0,5
310,3661.0,5,4083.79,3586.0,5
311,3661.0,5,4050.15,3586.0,5
312,3661.0,5,4016.3,3586.0,5
313,3661.0,5,4002.19,3586.0,5
314,3661.0,5,3981.52,3586.0,5
315,3661.0,5,3966.13,3586.0,5
316,3661.0,5,3946.63,3586.0,5
317,3661.0,5,3925.88,3586.0,5
318,3661.0,5,3917.82,3586.0,5
319,3661.0,5,3907.95,3586.0,5
320,3661.0,5,3900.21,3586.0,5
321,3661.0,5,3888.64,3586.0,5
322,3661.0,5,3886.61,3586.0,5
323,3661.0,5,3871.1,3586.0,5
324,3661.0,5,3856.01,3586.0,5
325,3661.0,5,3846.78,3586.0,5
326,3661.0,5,3835.09,3586.0,5
327,3661.0,5,3826.12,3586.0,5
328,3661.0,5,3817.04,3586.0,5
329,3661.0,5,3808.49,3586.0,5
330,3661.0,5,3801.05,3586.0,5
331,3661.0,5,3792.99,3586.0,5
332,3661.0,5,3789.59,3586.0,5
333,3569.0,5,3778.1,3569.0,5
334,3569.0,5,3773.24,3569.0,5
335,3569.0,5,3767.19,3569.0,5
336,3569.0,5,3761.55,3569.0,5
337,3569.0,5,3757.08,3569.0,5
338,3569.0,5,3749.69,3569.0,5
339,3569.0,5,3747.21,3569.0,5
340,3569.0,5,3746.26,3569.0,5
341,3569.0,5,3744.93,3569.0,5
342,3569.0,5,3742.91,3569.0,5
343,3569.0,5,3740.28,3569.0,5
344,3569.0,5,3736.21,3569.0,5
345,3569.0,5,3734.81,3569.0,5
346,3569.0,5,3731.28,3569.0,5
347,3569.0,5,3730.24,3569.0,5
348,3569.0,5,3729.55,3569.0,5
349,3569.0,5,3725.44,3569.0,5
350,3569.0,5,3722.81,3569.0,5
351,3569.0,5,3719.93,3569.0,5
352,3569.0,5,3718.83,3569.0,5
353,3569.0,5,3717.63,3569.0,5
354,3569.0,5,3715.43,3569.0,5
355,3569.0,5,3714.61,3569.0,5
356,3569.0,5,3712.85,3569.0,5
357,3569.0,5,3712.81,3569.0,5
358,3569.0,5,3711.54,3569.0,5
359,3569.0,5,3711.37,3569.0,5
360,3569.0,5,3709.31,3569.0,5
361,3569.0,5,3707.01,3569.0,5
362,3569.0,5,3704.69,3569.0,5
363,3569.0,5,3702.82,3569.0,5
364,3569.0,5,3701.91,3569.0,5
365,3569.0,5,3699.52,3569.0,5
366,3569.0,5,3699.29,3569.0,5
367,3569.0,5,3697.96,3569.0,5
368,3569.0,5,3696.47,3569.0,5
369,3569.0,5,3696.43,3569.0,5
370,3569.0,5,3694.22,3569.0,5
371,3569.0,5,3693.58,3569.0,5
372,3569.0,5,3692.06,3569.0,5
373,3569.0,5,3690.81,3569.0,5
374,3569.0,5,3689.78,3569.0,5
375,3569.0,5,3686.27,3569.0,5
376,3569.0,5,3686.15,3569.0,5
377,3569.0,5,3686.15,3569.0,5
378,3569.0,5,3684.32,3569.0,5
379,3569.0,5,3684.32,3569.0,5
380,3569.0,5,3684.32,3569.0,5
381,3569.0,5,3683.96,3569.0,5
382,3569.0,5,3683.96,3569.0,5
383,3569.0,5,3683.08,3569.0,5
384,3569.0,5,3682.76,3569.0,5
385,3569.0,5,3682.42,3569.0,5
386,3569.0,5,3681.92,3569.0,5
387,3569.0,5,3681.74,3569.0,5
388,3569.0,5,3681.47,3569.0,5
389,3569.0,5,3680.67,3569.0,5
390,3569.0,5,3680.52,3569.0,5
391,3569.0,5,3679.73,3569.0,5
392,3569.0,5,3679.6,3569.0,5
393,3569.0,5,3679.34,3569.0,5
394,3569.0,5,3678.19,3569.0,5
395,3569.0,5,3678.19,3569.0,5
396,3569.0,5,3676.88,3569.0,5
397,3569.0,5,3676.88,3569.0,5
398,3569.0,5,3675.94,3569.0,5
399,3569.0,5,3675.94,3569.0,5
400,3569.0,5,3675.64,3569.0,5
401,3845.0,5,4527.61,3569.0,5
402,3845.0,5,4348.42,3569.0,5
403,3845.0,5,4334.43,3569.0,5
404,3845.0,5,4339.21,3569.0,5
405,3704.0,5,4242.14,3569.0,5
406,3704.0,5,4115.78,3569.0,5
407,3704.0,5,4038.99,3569.0,5
408,3704.0,5,3977.34,3569.0,5
409,3704.0,5,3928.41,3569.0,5
410,3704.0,5,3904.23,3569.0,5
411,3625.0,5,3870.71,3569.0,5
412,3625.0,5,3853.89,3569.0,5
413,3625.0,5,3829.12,3569.0,5
414,3625.0,5,3813.31,3569.0,5
415,3625.0,5,3804.92,3569.0,5
416,3625.0,5,3798.31,3569.0,5
417,3625.0,5,3790.96,3569.0,5
418,3625.0,5,3784.44,3569.0,5
419,3625.0,5,3776.39,3569.0,5
420,3625.0,5,3769.93,3569.0,5
421,3625.0,5,3764.63,3569.0,5
422,3625.0,5,3760.15,3569.0,5
423,3625.0,5,3752.7,3569.0,5
424,3625.0,5,3748.87,3569.0,5
425,3625.0,5,3746.56,3569.0,5
426,3625.0,5,3742.55,3569.0,5
427,3625.0,5,3740.22,3569.0,5
428,3625.0,5,3738.97,3569.0,5
429,3625.0,5,3734.18,3569.0,5
430,3625.0,5,3730.97,3569.0,5
431,3625.0,5,3727.68,3569.0,5
432,3625.0,5,3724.82,3569.0,5
433,3625.0,5,3722.3,3569.0,5
434,3625.0,5,3717.66,3569.0,5
435,3603.0,5,3713.22,3569.0,5
436,3603.0,5,3709.34,3569.0,5
437,3603.0,5,3705.26,3569.0,5
438,3603.0,5,3703.68,3569.0,5
439,3603.0,5,3701.58,3569.0,5
440,3577.0,5,3697.25,3569.0,5
441,3577.0,5,3695.77,3569.0,5
442,3577.0,5,3694.84,3569.0,5
443,3577.0,5,3694.2,3569.0,5
444,3577.0,5,3693.74,3569.0,5
445,3577.0,5,3691.9,3569.0,5
446,3577.0,5,3690.26,3569.0,5
447,3577.0,5,3687.54,3569.0,5
448,3577.0,5,3687.2,3569.0,5
449,3577.0,5,3685.98,3569.0,5
450,3577.0,5,3684.27,3569.0,5
451,3577.0,5,3681.65,3569.0,5
452,3577.0,5,3681.25,3569.0,5
453,3577.0,5,3679.81,3569.0,5
454,3577.0,5,3679.56,3569.0,5
455,3577.0,5,3677.01,3569.0,5
456,3577.0,5,3676.44,3569.0,5
457,3577.0,5,3676.02,3569.0,5
458,3577.0,5,3675.7,3569.0,5
459,3577.0,5,3674.42,3569.0,5
460,3577.0,5,3674.04,3569.0,5
461,3577.0,5,3672.57,3569.0,5
462,3577.0,5,3671.96,3569.0,5
463,3577.0,5,3671.07,3569.0,5
464,3577.0,5,3670.62,3569.0,5
465,3577.0,5,3670.23,3569.0,5
466,3577.0,5,3669.33,3569.0,5
467,3577.0,5,3668.28,3569.0,5
468,3577.0,5,3667.04,3569.0,5
469,3577.0,5,3666.57,3569.0,5
470,3577.0,5,3666.04,3569.0,5
471,3577.0,5,3664.88,3569.0,5
472,3577.0,5,3664.88,3569.0,5
473,3577.0,5,3664.84,3569.0,5
474,3577.0,5,3664.84,3569.0,5
475,3577.0,5,3664.84,3569.0,5
476,3577.0,5,3662.78,3569.0,5
477,3577.0,5,3661.87,3569.0,5
478,3577.0,5,3661.86,3569.0,5
479,3577.0,5,3661.86,3569.0,5
480,3577.0,5,3661.59,3569.0,5
481,3577.0,5,3661.59,3569.0,5
482,3577.0,5,3661.21,3569.0,5
483,3577.0,5,3661.1,3569.0,5
484,3577.0,5,3660.04,3569.0,5
485,3577.0,5,3660.04,3569.0,5
486,3577.0,5,3660.04,3569.0,5
487,3577.0,5,3659.94,3569.0,5
488,3561.0,5,3659.08,3561.0,5
489,3561.0,5,3658.11,3561.0,5
490,3561.0,5,3657.32,3561.0,5
491,3561.0,5,3657.07,3561.0,5
492,3561.0,5,3656.37,3561.0,5
493,3561.0,5,3655.42,3561.0,5
494,3561.0,5,3655.42,3561.0,5
495,3561.0,5,3654.42,3561.0,5
496,3561.0,5,3654.29,3561.0,5
497,3561.0,5,3654.18,3561.0,5
498,3561.0,5,3654.18,3561.0,5
499,3561.0,5,3653.18,3561.0,5
500,3561.0,5,3652.39,3561.0,5
501,3961.0,5,4465.57,3561.0,5
502,3697.0,5,4333.77,3561.0,5
503,3697.0,5,4271.83,3561.0,5
504,3697.0,5,4318.31,3561.0,5
505,3688.0,5,4132.04,3561.0,5
506,3688.0,5,4046.02,3561.0,5
507,3688.0,5,3988.68,3561.0,5
508,3669.0,5,3929.01,3561.0,5
509,3662.0,5,3878.56,3561.0,5
510,3662.0,5,3853.08,3561.0,5
511,3662.0,5,3835.99,3561.0,5
512,3602.0,5,3817.62,3561.0,5
513,3602.0,5,3798.66,3561.0,5
514,3602.0,5,3785.47,3561.0,5
515,3602.0,5,3773.8,3561.0,5
516,3602.0,5,3764.3,3561.0,5
517,3602.0,5,3755.98,3561.0,5
518,3602.0,5,3745.03,3561.0,5
519,3602.0,5,3732.35,3561.0,5
520,3602.0,5,3719.41,3561.0,5
521,3593.0,5,3705.6,3561.0,5
522,3577.0,5,3696.73,3561.0,5
523,3577.0,5,3684.08,3561.0,5
524,3577.0,5,3680.21,3561.0,5
525,3577.0,5,3676.1,3561.0,5
526,3577.0,5,3672.9,3561.0,5
527,3577.0,5,3665.58,3561.0,5
528,3577.0,5,3663.58,3561.0,5
529,3577.0,5,3660.25,3561.0,5
530,3577.0,5,3657.42,3561.0,5
531,3577.0,5,3656.4,3561.0,5
532,3577.0,5,3654.18,3561.0,5
533,3577.0,5,3650.4,3561.0,5
534,3577.0,5,3645.46,3561.0,5
535,3577.0,5,3642.7,3561.0,5
536,3577.0,5,3639.41,3561.0,5
537,3577.0,5,3635.0,3561.0,5
538,3577.0,5,3634.83,3561.0,5
539,3577.0,5,3631.84,3561.0,5
540,3577.0,5,3629.48,3561.0,5
541,3577.0,5,3628.92,3561.0,5
542,3577.0,5,3625.87,3561.0,5
543,3577.0,5,3623.26,3561.0,5
544,3569.0,5,3621.72,3561.0,5
545,3569.0,5,3619.79,3561.0,5
546,3569.0,5,3617.82,3561.0,5
547,3569.0,5,3617.38,3561.0,5
548,3569.0,5,3616.86,3561.0,5
549,3569.0,5,3615.47,3561.0,5
550,3569.0,5,3615.3,3561.0,5
551,3569.0,5,3614.45,3561.0,5
552,3569.0,5,3611.8,3561.0,5
553,3569.0,5,3610.67,3561.0,5
554,3569.0,5,3609.34,3561.0,5
555,3569.0,5,3609.02,3561.0,5
556,3569.0,5,3608.12,3561.0,5
557,3569.0,5,3607.99,3561.0,5
558,3569.0,5,3606.56,3561.0,5
559,3569.0,5,3606.14,3561.0,5
560,3569.0,5,3605.3,3561.0,5
561,3569.0,5,3604.15,3561.0,5
562,3569.0,5,3603.96,3561.0,5
563,3569.0,5,3603.87,3561.0,5
564,3569.0,5,3603.25,3561.0,5
565,3569.0,5,3601.68,3561.0,5
566,3569.0,5,3601.6,3561.0,5
567,3569.0,5,3601.43,3561.0,5
568,3569.0,5,3601.04,3561.0,5
569,3569.0,5,3600.55,3561.0,5
570,3569.0,5,3600.3,3561.0,5
571,3569.0,5,3599.79,3561.0,5
572,3569.0,5,3599.25,3561.0,5
573,3569.0,5,3599.12,3561.0,5
574,3569.0,5,3598.59,3561.0,5
575,3569.0,5,3598.45,3561.0,5
576,3569.0,5,3598.09,3561.0,5
577,3569.0,5,3596.72,3561.0,5
578,3569.0,5,3596.38,3561.0,5
579,3569.0,5,3595.94,3561.0,5
580,3569.0,5,3595.25,3561.0,5
581,3569.0,5,3595.23,3561.0,5
582,3569.0,5,3594.78,3561.0,5
583,3569.0,5,3594.66,3561.0,5
584,3569.0,5,3594.19,3561.0,5
585,3569.0,5,3593.46,3561.0,5
586,3569.0,5,3593.46,3561.0,5
587,3569.0,5,3593.34,3561.0,5
588,3569.0,5,3593.14,3561.0,5
589,3569.0,5,3592.85,3561.0,5
590,3569.0,5,3592.4,3561.0,5
591,3569.0,5,3592.28,3561.0,5
592,3569.0,5,3592.07,3561.0,5
593,3569.0,5,3592.07,3561.0,5
594,3569.0,5,3592.07,3561.0,5
595,3569.0,5,3591.74,3561.0,5
596,3569.0,5,3591.54,3561.0,5
597,3569.0,5,3591.2,3561.0,5
598,3569.0,5,3591.12,3561.0,5
599,3569.0,5,3591.0,3561.0,5
600,3569.0,5,3591.0,3561.0,5
601,4008.0,5,4506.51,3561.0,5
602,3855.0,5,4375.87,3561.0,5
603,3855.0,5,4335.55,3561.0,5
604,3827.0,5,4327.51,3561.0,5
605,3827.0,5,4349.14,3561.0,5
606,3805.0,5,4382.99,3561.0,5
607,3805.0,5,4344.5,3561.0,5
608,3805.0,5,4219.19,3561.0,5
609,3781.0,5,4163.95,3561.0,5
610,3781.0,5,4132.4,3561.0,5
611,3681.0,5,4110.26,3561.0,5
612,3681.0,5,4089.49,3561.0,5
613,3681.0,5,4076.47,3561.0,5
614,3681.0,5,4057.7,3561.0,5
615,3681.0,5,4042.6,3561.0,5
616,3681.0,5,4032.44,3561.0,5
617,3649.0,5,4009.16,3561.0,5
618,3649.0,5,4002.89,3561.0,5
619,3649.0,5,3973.22,3561.0,5
620,3641.0,5,3953.38,3561.0,5
621,3641.0,5,3938.91,3561.0,5
622,3565.0,5,3925.12,3561.0,5
623,3565.0,5,3914.81,3561.0,5
624,3565.0,5,3905.32,3561.0,5
625,3565.0,5,3895.1,3561.0,5
626,3565.0,5,3882.6,3561.0,5
627,3565.0,5,3873.74,3561.0,5
628,3565.0,5,3859.0,3561.0,5
629,3565.0,5,3848.75,3561.0,5
630,3565.0,5,3838.41,3561.0,5
631,3565.0,5,3828.48,3561.0,5
632,3565.0,5,3826.14,3561.0,5
633,3565.0,5,3818.24,3561.0,5
634,3565.0,5,3806.82,3561.0,5
635,3565.0,5,3796.11,3561.0,5
636,3565.0,5,3786.09,3561.0,5
637,3565.0,5,3784.48,3561.0,5
638,3565.0,5,3776.23,3561.0,5
639,3565.0,5,3771.71,3561.0,5
640,3565.0,5,3769.04,3561.0,5
641,3548.0,5,3758.82,3548.0,5
642,3548.0,5,3751.1,3548.0,5
643,3548.0,5,3747.8,3548.0,5
644,3548.0,5,3742.44,3548.0,5
645,3548.0,5,3735.48,3548.0,5
646,3548.0,5,3733.91,3548.0,5
647,3548.0,5,3728.46,3548.0,5
648,3548.0,5,3725.82,3548.0,5
649,3548.0,5,3723.39,3548.0,5
650,3548.0,5,3722.0,3548.0,5
651,3548.0,5,3716.83,3548.0,5
652,3548.0,5,3714.74,3548.0,5
653,3548.0,5,3710.35,3548.0,5
654,3548.0,5,3704.78,3548.0,5
655,3548.0,5,3702.16,3548.0,5
656,3548.0,5,3699.4,3548.0,5
657,3548.0,5,3696.42,3548.0,5
658,3548.0,5,3693.11,3548.0,5
659,3548.0,5,3691.37,3548.0,5
660,3548.0,5,3690.31,3548.0,5
661,3548.0,5,3688.72,3548.0,5
662,3548.0,5,3687.7,3548.0,5
663,3548.0,5,3685.46,3548.0,5
664,3548.0,5,3683.24,3548.0,5
665,3548.0,5,3680.87,3548.0,5
666,3548.0,5,3678.8,3548.0,5
667,3548.0,5,3678.25,3548.0,5
668,3548.0,5,3677.59,3548.0,5
669,3548.0,5,3675.52,3548.0,5
670,3548.0,5,3673.19,3548.0,5
671,3548.0,5,3671.38,3548.0,5
672,3548.0,5,3670.59,3548.0,5
673,3548.0,5,3669.38,3548.0,5
674,3548.0,5,3667.94,3548.0,5
675,3548.0,5,3666.47,3548.0,5
676,3548.0,5,3665.67,3548.0,5
677,3548.0,5,3663.75,3548.0,5
678,3548.0,5,3661.04,3548.0,5
679,3548.0,5,3660.63,3548.0,5
680,3548.0,5,3659.65,3548.0,5
681,3548.0,5,3659.26,3548.0,5
682,3548.0,5,3659.26,3548.0,5
683,3548.0,5,3657.0,3548.0,5
684,3548.0,5,3654.26,3548.0,5
685,3548.0,5,3653.73,3548.0,5
686,3548.0,5,3652.32,3548.0,5
687,3548.0,5,3651.98,3548.0,5
688,3548.0,5,3651.46,3548.0,5
689,3548.0,5,3649.92,3548.0,5
690,3548.0,5,3648.02,3548.0,5
691,3548.0,5,3646.39,3548.0,5
692,3548.0,5,3646.21,3548.0,5
693,3548.0,5,3646.11,3548.0,5
694,3548.0,5,3645.39,3548.0,5
695,3548.0,5,3645.26,3548.0,5
696,3548.0,5,3644.35,3548.0,5
697,3548.0,5,3641.68,3548.0,5
698,3548.0,5,3640.99,3548.0,5
699,3548.0,5,3640.81,3548.0,5
700,3548.0,5,3639.64,3548.0,5
701,4105.0,5,4567.24,3548.0,5
702,3896.0,5,4452.47,3548.0,5
703,3896.0,5,4462.23,3548.0,5
704,3896.0,5,4456.35,3548.0,5
705,3739.0,5,4507.81,3548.0,5
706,3739.0,5,4224.23,3548.0,5
707,3739.0,5,4173.21,3548.0,5
708,3739.0,5,4135.86,3548.0,5
709,3739.0,5,4119.22,3548.0,5
710,3739.0,5,4094.46,3548.0,5
711,3739.0,5,4078.69,3548.0,5
712,3739.0,5,4056.55,3548.0,5
713,3739.0,5,4034.37,3548.0,5
714,3739.0,5,4022.24,3548.0,5
715,3703.0,5,4005.46,3548.0,5
716,3703.0,5,3998.14,3548.0,5
717,3703.0,5,3986.49,3548.0,5
718,3703.0,5,3976.82,3548.0,5
719,3703.0,5,3971.14,3548.0,5
720,3700.0,5,3962.6,3548.0,5
721,3700.0,5,3946.03,3548.0,5
722,3700.0,5,3940.21,3548.0,5
723,3673.0,5,3929.53,3548.0,5
724,3673.0,5,3917.03,3548.0,5
725,3673.0,5,3908.13,3548.0,5
726,3673.0,5,3902.09,3548.0,5
727,3673.0,5,3891.16,3548.0,5
728,3673.0,5,3880.29,3548.0,5
729,3673.0,5,3873.46,3548.0,5
730,3673.0,5,3863.24,3548.0,5
731,3673.0,5,3857.88,3548.0,5
732,3673.0,5,3846.02,3548.0,5
733,3673.0,5,3840.04,3548.0,5
734,3673.0,5,3826.97,3548.0,5
735,3673.0,5,3816.67,3548.0,5
736,3673.0,5,3813.46,3548.0,5
737,3673.0,5,3805.72,3548.0,5
738,3673.0,5,3799.44,3548.0,5
739,3673.0,5,3790.89,3548.0,5
740,3673.0,5,3783.61,3548.0,5
741,3673.0,5,3777.97,3548.0,5
742,3673.0,5,3772.41,3548.0,5
743,3673.0,5,3766.44,3548.0,5
744,3673.0,5,3763.51,3548.0,5
745,3673.0,5,3758.92,3548.0,5
746,3673.0,5,3757.16,3548.0,5
747,3673.0,5,3755.37,3548.0,5
748,3673.0,5,3749.48,3548.0,5
749,3673.0,5,3746.57,3548.0,5
750,3673.0,5,3744.19,3548.0,5
751,3660.0,5,3739.92,3548.0,5
752,3660.0,5,3736.44,3548.0,5
753,3660.0,5,3732.46,3548.0,5
754,3660.0,5,3732.16,3548.0,5
755,3660.0,5,3731.34,3548.0,5
756,3660.0,5,3729.28,3548.0,5
757,3660.0,5,3728.12,3548.0,5
758,3660.0,5,3726.71,3548.0,5
759,3660.0,5,3725.44,3548.0,5
760,3660.0,5,3723.93,3548.0,5
761,3660.0,5,3723.41,3548.0,5
762,3617.0,5,3721.52,3548.0,5
763,3617.0,5,3720.23,3548.0,5
764,3617.0,5,3719.0,3548.0,5
765,3617.0,5,3718.86,3548.0,5
766,3617.0,5,3716.26,3548.0,5
767,3617.0,5,3714.64,3548.0,5
768,3617.0,5,3712.99,3548.0,5
769,3617.0,5,3711.53,3548.0,5
770,3617.0,5,3709.61,3548.0,5
771,3617.0,5,3707.19,3548.0,5
772,3617.0,5,3706.26,3548.0,5
773,3617.0,5,3701.93,3548.0,5
774,3617.0,5,3701.26,3548.0,5
775,3617.0,5,3699.98,3548.0,5
776,3617.0,5,3699.94,3548.0,5
777,3617.0,5,3699.01,3548.0,5
778,3617.0,5,3698.18,3548.0,5
779,3617.0,5,3697.06,3548.0,5
780,3617.0,5,3697.06,3548.0,5
781,3617.0,5,3696.5,3548.0,5
782,3617.0,5,3695.09,3548.0,5
783,3617.0,5,3694.91,3548.0,5
784,3617.0,5,3694.75,3548.0,5
785,3617.0,5,3694.75,3548.0,5
786,3617.0,5,3694.63,3548.0,5
787,3617.0,5,3694.41,3548.0,5
788,3617.0,5,3693.93,3548.0,5
789,3617.0,5,3693.35,3548.0,5
790,3617.0,5,3692.17,3548.0,5
791,3617.0,5,3692.06,3548.0,5
792,3617.0,5,3691.8,3548.0,5
793,3617.0,5,3690.94,3548.0,5
794,3617.0,5,3690.94,3548.0,5
795,3617.0,5,3690.94,3548.0,5
796,3617.0,5,3690.94,3548.0,5
797,3617.0,5,3690.52,3548.0,5
798,3617.0,5,3689.89,3548.0,5
799,3617.0,5,3689.77,3548.0,5
800,3617.0,5,3689.55,3548.0,5
801,3866.0,5,4419.23,3548.0,5
802,3866.0,5,4305.98,3548.0,5
803,3733.0,5,4295.59,3548.0,5
804,3733.0,5,4327.85,3548.0,5
805,3701.0,5,4141.88,3548.0,5
806,3701.0,5,4053.05,3548.0,5
807,3687.0,5,3986.69,3548.0,5
808,3687.0,5,3942.37,3548.0,5
809,3687.0,5,3921.66,3548.0,5
810,3687.0,5,3895.65,3548.0,5
811,3687.0,5,3859.99,3548.0,5
812,3687.0,5,3842.21,3548.0,5
813,3687.0,5,3822.41,3548.0,5
814,3663.0,5,3797.56,3548.0,5
815,3617.0,5,3783.68,3548.0,5
816,3617.0,5,3772.62,3548.0,5
817,3617.0,5,3752.96,3548.0,5
818,3617.0,5,3742.85,3548.0,5
819,3617.0,5,3738.23,3548.0,5
820,3617.0,5,3733.04,3548.0,5
821,3617.0,5,3723.83,3548.0,5
822,3617.0,5,3718.81,3548.0,5
823,3617.0,5,3714.25,3548.0,5
824,3617.0,5,3711.68,3548.0,5
825,3589.0,5,3706.85,3548.0,5
826,3589.0,5,3706.47,3548.0,5
827,3589.0,5,3704.48,3548.0,5
828,3589.0,5,3702.58,3548.0,5
829,3589.0,5,3700.32,3548.0,5
830,3589.0,5,3699.36,3548.0,5
831,3589.0,5,3696.06,3548.0,5
832,3589.0,5,3692.12,3548.0,5
833,3589.0,5,3690.75,3548.0,5
834,3561.0,5,3688.23,3548.0,5
835,3561.0,5,3687.36,3548.0,5
836,3561.0,5,3686.19,3548.0,5
837,3561.0,5,3685.06,3548.0,5
838,3561.0,5,3684.61,3548.0,5
839,3561.0,5,3684.27,3548.0,5
840,3561.0,5,3681.2,3548.0,5
841,3561.0,5,3679.3,3548.0,5
842,3561.0,5,3678.13,3548.0,5
843,3561.0,5,3675.23,3548.0,5
844,3561.0,5,3673.79,3548.0,5
845,3561.0,5,3673.25,3548.0,5
846,3561.0,5,3672.48,3548.0,5
847,3561.0,5,3672.34,3548.0,5
848,3561.0,5,3672.19,3548.0,5
849,3561.0,5,3672.02,3548.0,5
850,3561.0,5,3671.52,3548.0,5
851,3561.0,5,3671.26,3548.0,5
852,3561.0,5,3670.91,3548.0,5
853,3561.0,5,3669.39,3548.0,5
854,3561.0,5,3668.59,3548.0,5
855,3561.0,5,3668.54,3548.0,5
856,3561.0,5,3668.51,3548.0,5
857,3561.0,5,3665.65,3548.0,5
858,3561.0,5,3664.72,3548.0,5
859,3561.0,5,3664.63,3548.0,5
860,3561.0,5,3664.12,3548.0,5
861,3561.0,5,3662.9,3548.0,5
862,3561.0,5,3660.72,3548.0,5
863,3561.0,5,3658.96,3548.0,5
864,3561.0,5,3657.8,3548.0,5
865,3561.0,5,3657.8,3548.0,5
866,3561.0,5,3657.71,3548.0,5
867,3561.0,5,3657.16,3548.0,5
868,3561.0,5,3656.65,3548.0,5
869,3561.0,5,3656.02,3548.0,5
870,3561.0,5,3654.91,3548.0,5
871,3561.0,5,3653.16,3548.0,5
872,3561.0,5,3652.7,3548.0,5
873,3561.0,5,3651.32,3548.0,5
874,3561.0,5,3651.29,3548.0,5
875,3561.0,5,3651.29,3548.0,5
876,3561.0,5,3650.64,3548.0,5
877,3561.0,5,3650.57,3548.0,5
878,3561.0,5,3650.09,3548.0,5
879,3561.0,5,3650.01,3548.0,5
880,3561.0,5,3649.44,3548.0,5
881,3561.0,5,3647.45,3548.0,5
882,3561.0,5,3646.19,3548.0,5
883,3561.0,5,3646.19,3548.0,5
884,3561.0,5,3643.94,3548.0,5
885,3561.0,5,3643.6,3548.0,5
886,3561.0,5,3642.86,3548.0,5
887,3561.0,5,3642.65,3548.0,5
888,3561.0,5,3642.38,3548.0,5
889,3561.0,5,3641.57,3548.0,5
890,3561.0,5,3641.5,3548.0,5
891,3561.0,5,3641.22,3548.0,5
892,3561.0,5,3641.0,3548.0,5
893,3561.0,5,3640.83,3548.0,5
894,3561.0,5,3639.98,3548.0,5
895,3561.0,5,3639.34,3548.0,5
896,3561.0,5,3639.34,3548.0,5
897,3561.0,5,3639.27,3548.0,5
898,3561.0,5,3639.27,3548.0,5
899,3561.0,5,3639.24,3548.0,5
900,3561.0,5,3639.24,3548.0,5
901,4024.0,5,4365.63,3548.0,5
902,3929.0,5,4192.43,3548.0,5
903,3817.0,5,4146.38,3548.0,5
904,3817.0,5,4133.3,3548.0,5
905,3725.0,5,4161.48,3548.0,5
906,3725.0,5,4111.16,3548.0,5
907,3725.0,5,4050.76,3548.0,5
908,3725.0,5,4003.23,3548.0,5
909,3725.0,5,3963.01,3548.0,5
910,3725.0,5,3935.88,3548.0,5
911,3683.0,5,3925.03,3548.0,5
912,3683.0,5,3916.96,3548.0,5
913,3561.0,5,3906.57,3548.0,5
914,3561.0,5,3879.25,3548.0,5
915,3561.0,5,3867.55,3548.0,5
916,3561.0,5,3851.55,3548.0,5
917,3561.0,5,3833.94,3548.0,5
918,3561.0,5,3814.73,3548.0,5
919,3561.0,5,3801.85,3548.0,5
920,3561.0,5,3776.5,3548.0,5
921,3561.0,5,3766.77,3548.0,5
922,3561.0,5,3760.02,3548.0,5
923,3561.0,5,3749.6,3548.0,5
924,3561.0,5,3740.27,3548.0,5
925,3561.0,5,3727.26,3548.0,5
926,3561.0,5,3715.35,3548.0,5
927,3561.0,5,3707.85,3548.0,5
928,3561.0,5,3699.83,3548.0,5
929,3561.0,5,3693.84,3548.0,5
930,3561.0,5,3688.14,3548.0,5
931,3561.0,5,3685.21,3548.0,5
932,3561.0,5,3682.16,3548.0,5
933,3561.0,5,3676.76,3548.0,5
934,3561.0,5,3673.54,3548.0,5
935,3561.0,5,3667.82,3548.0,5
936,3561.0,5,3665.36,3548.0,5
937,3561.0,5,3664.39,3548.0,5
938,3561.0,5,3659.89,3548.0,5
939,3561.0,5,3655.41,3548.0,5
940,3561.0,5,3653.48,3548.0,5
941,3561.0,5,3647.46,3548.0,5
942,3561.0,5,3645.22,3548.0,5
943,3561.0,5,3643.64,3548.0,5
944,3561.0,5,3642.57,3548.0,5
945,3561.0,5,3638.39,3548.0,5
946,3561.0,5,3636.76,3548.0,5
947,3561.0,5,3631.84,3548.0,5
948,3561.0,5,3630.94,3548.0,5
949,3561.0,5,3630.75,3548.0,5
950,3561.0,5,3627.65,3548.0,5
951,3561.0,5,3625.4,3548.0,5
952,3561.0,5,3624.59,3548.0,5
953,3561.0,5,3624.14,3548.0,5
954,3561.0,5,3621.07,3548.0,5
955,3561.0,5,3621.07,3548.0,5
956,3561.0,5,3619.3,3548.0,5
957,3561.0,5,3618.36,3548.0,5
958,3561.0,5,3615.28,3548.0,5
959,3561.0,5,3614.38,3548.0,5
960,3561.0,5,3612.49,3548.0,5
961,3561.0,5,3611.1,3548.0,5
962,3561.0,5,3609.94,3548.0,5
963,3561.0,5,3609.07,3548.0,5
964,3561.0,5,3607.81,3548.0,5
965,3561.0,5,3607.16,3548.0,5
966,3561.0,5,3606.7,3548.0,5
967,3561.0,5,3605.88,3548.0,5
968,3561.0,5,3605.17,3548.0,5
969,3561.0,5,3604.8,3548.0,5
970,3561.0,5,3604.8,3548.0,5
971,3561.0,5,3604.8,3548.0,5
972,3561.0,5,3604.04,3548.0,5
973,3561.0,5,3603.84,3548.0,5
974,3561.0,5,3603.26,3548.0,5
975,3561.0,5,3603.06,3548.0,5
976,3561.0,5,3601.7,3548.0,5
977,3561.0,5,3599.25,3548.0,5
978,3561.0,5,3598.99,3548.0,5
979,3561.0,5,3598.33,3548.0,5
980,3561.0,5,3597.35,3548.0,5
981,3561.0,5,3596.81,3548.0,5
982,3561.0,5,3594.73,3548.0,5
983,3561.0,5,3594.11,3548.0,5
984,3561.0,5,3593.47,3548.0,5
985,3561.0,5,3592.73,3548.0,5
986,3561.0,5,3591.43,3548.0,5
987,3561.0,5,3590.98,3548.0,5
988,3561.0,5,3590.98,3548.0,5
989,3561.0,5,3590.98,3548.0,5
990,3561.0,5,3588.81,3548.0,5
991,3561.0,5,3587.63,3548.0,5
992,3561.0,5,3587.51,3548.0,5
993,3561.0,5,3587.09,3548.0,5
994,3561.0,5,3586.63,3548.0,5
995,3561.0,5,3586.55,3548.0,5
996,3561.0,5,3585.63,3548.0,5
997,3561.0,5,3585.09,3548.0,5
998,3561.0,5,3585.09,3548.0,5
999,3561.0,5,3584.26,3548.0,5
